shot,auc
Figure11/T093863/PlasmaRogA,0.77227670936442
Figure11/T093727/PlasmaRogA,0.8011894887740267
Figure18/T092680/PlasmaRogA,0.8169882812499999
Figure18/T092689/PlasmaRogA,0.8224374608869791
Figure18/T092727/PlasmaRogA,0.8029221780410615
Figure18/T093250/PlasmaRogA,0.8016710340237917
Figure14/T097031/PlasmaRogA,0.8074222035323801
Figure14/T096987/PlasmaRogA,0.7952463232339467
