{
    "baseline_scan_time": 7.9421706199646,
    "afds_scan_time": 7.894830942153931,
    "slowdown_multiplier": 0.9940394534345978,
    "false_positive_count": 428,
    "forensic_report_generated": true
}